City_ID,City,Country,Date,Lat,Lng,Max Temp,Humidity,Cloudiness,Wind Speed
0,Alice Springs,AU,2022-07-05 00:12:38,-23.7,133.8833,40.55,65,0,5.75
1,Thompson,CA,2022-07-05 00:08:01,55.7435,-97.8558,69.17,25,89,6.71
2,Yinchuan,CN,2022-07-05 00:10:39,38.4681,106.2731,77.36,41,69,8.03
3,Praia,CV,2022-07-05 00:12:39,14.9215,-23.5087,74.48,79,52,10.25
4,Puerto Ayora,EC,2022-07-05 00:12:39,-0.7393,-90.3518,72.55,89,67,5.01
5,Balagansk,RU,2022-07-05 00:12:39,54.0103,103.0544,62.19,72,93,6.6
6,Ponta Do Sol,PT,2022-07-05 00:12:40,32.6667,-17.1,70.0,71,38,5.39
7,Strezhevoy,RU,2022-07-05 00:12:40,60.7333,77.5889,52.09,73,100,10.11
8,Aklavik,CA,2022-07-05 00:12:41,68.2191,-135.0107,90.28,25,6,10.36
9,Saint-Pierre,RE,2022-07-05 00:12:41,-21.3393,55.4781,65.91,68,0,8.05
10,Mataura,NZ,2022-07-05 00:12:41,-46.1927,168.8643,53.47,64,37,10.16
11,Butaritari,KI,2022-07-05 00:12:42,3.0707,172.7902,83.17,74,42,19.89
12,Punta Arenas,CL,2022-07-05 00:09:10,-53.15,-70.9167,30.31,93,0,10.36
13,Castro,BR,2022-07-05 00:12:42,-24.7911,-50.0119,56.57,75,30,3.74
14,Sur,OM,2022-07-05 00:12:43,22.5667,59.5289,85.78,71,100,2.13
15,Dicabisagan,PH,2022-07-05 00:12:43,17.0818,122.4157,82.74,73,100,1.63
16,Qaanaaq,GL,2022-07-05 00:12:44,77.484,-69.3632,43.92,68,4,0.16
17,Jequie,BR,2022-07-05 00:12:26,-13.8575,-40.0836,64.22,99,30,2.28
18,Atuona,PF,2022-07-05 00:12:44,-9.8,-139.0333,77.83,72,38,23.78
19,Saskylakh,RU,2022-07-05 00:12:45,71.9167,114.0833,45.9,66,96,7.43
20,Saint George,US,2022-07-05 00:11:01,37.1041,-113.5841,100.63,9,0,18.41
21,Kindu,CD,2022-07-05 00:12:45,-2.95,25.95,70.3,49,92,2.35
22,Bambous Virieux,MU,2022-07-05 00:12:46,-20.3428,57.7575,67.21,75,94,16.15
23,Taoudenni,ML,2022-07-05 00:12:46,22.6783,-3.9836,100.06,9,36,6.53
24,Mizdah,LY,2022-07-05 00:09:22,31.4451,12.9801,74.25,59,0,4.25
25,Cabo San Lucas,MX,2022-07-05 00:11:46,22.8909,-109.9124,95.61,43,0,11.5
26,Wewak,PG,2022-07-05 00:12:47,-3.5534,143.6268,83.32,71,99,0.58
27,Port Augusta,AU,2022-07-05 00:12:47,-32.5,137.7667,50.38,66,0,4.47
28,Ushuaia,AR,2022-07-05 00:12:48,-54.8,-68.3,33.46,80,20,3.44
29,Bredasdorp,ZA,2022-07-05 00:12:48,-34.5322,20.0403,46.96,85,0,1.5
30,Carmen,MX,2022-07-05 00:12:48,18.6333,-91.8333,84.24,79,75,11.5
31,Racovita,RO,2022-07-05 00:12:49,45.6983,21.6358,72.81,56,0,5.28
32,Artyom,AZ,2022-07-05 00:12:49,40.4723,50.333,66.34,62,0,13.94
33,Avarua,CK,2022-07-05 00:12:49,-21.2078,-159.775,75.25,88,100,6.91
34,Georgetown,MY,2022-07-05 00:09:23,5.4112,100.3354,78.89,86,20,4.61
35,Maku,IR,2022-07-05 00:12:50,39.2911,44.4521,59.13,66,0,2.64
36,Port Alfred,ZA,2022-07-05 00:12:50,-33.5906,26.891,60.48,88,29,10.51
37,Tuatapere,NZ,2022-07-05 00:12:51,-46.1333,167.6833,50.85,71,96,9.82
38,Itacoatiara,BR,2022-07-05 00:12:51,-3.1431,-58.4442,75.67,89,82,2.95
39,Taguatinga,BR,2022-07-05 00:12:52,-12.3857,-46.5711,69.91,37,0,6.17
40,Busselton,AU,2022-07-05 00:12:52,-33.65,115.3333,55.44,89,96,11.27
41,Boa Vista,BR,2022-07-05 00:12:52,2.8197,-60.6733,79.02,74,72,0.4
42,Ojinaga,MX,2022-07-05 00:09:36,29.5667,-104.4167,88.75,48,0,9.22
43,Bandarbeyla,SO,2022-07-05 00:12:53,9.4942,50.8122,78.71,68,16,30.53
44,Dikson,RU,2022-07-05 00:12:53,73.5069,80.5464,34.61,99,98,4.97
45,Bethel,US,2022-07-05 00:10:56,41.3712,-73.414,78.67,61,17,3.53
46,Chokurdakh,RU,2022-07-05 00:13:54,70.6333,147.9167,65.98,48,99,15.41
47,Hithadhoo,MV,2022-07-05 00:13:54,-0.6,73.0833,81.93,72,89,2.15
48,Te Horo,NZ,2022-07-05 00:13:54,-40.8084,175.1233,52.81,84,100,4.0
49,Srednekolymsk,RU,2022-07-05 00:13:55,67.45,153.6833,74.89,39,100,14.38
50,Rikitea,PF,2022-07-05 00:13:55,-23.1203,-134.9692,74.91,72,29,6.33
51,Cidreira,BR,2022-07-05 00:13:56,-30.1811,-50.2056,64.22,91,60,1.68
52,Kapaa,US,2022-07-05 00:13:56,22.0752,-159.319,84.18,76,100,19.57
53,Vaini,TO,2022-07-05 00:13:56,-21.2,-175.2,73.15,72,95,24.83
54,Inhambane,MZ,2022-07-05 00:13:57,-23.865,35.3833,66.16,84,0,4.29
55,Salalah,OM,2022-07-05 00:13:57,17.0151,54.0924,80.69,94,100,6.91
56,Belyy Yar,RU,2022-07-05 00:13:57,53.6039,91.3903,60.85,70,0,2.24
57,Hokitika,NZ,2022-07-05 00:13:58,-42.7167,170.9667,50.77,78,100,1.74
58,Tasiilaq,GL,2022-07-05 00:13:59,65.6145,-37.6368,42.96,83,100,5.19
59,Beringovskiy,RU,2022-07-05 00:12:25,63.05,179.3167,45.18,95,100,3.96
60,San Quintin,MX,2022-07-05 00:13:59,30.4833,-115.95,68.45,69,0,17.31
61,Barrow,US,2022-07-05 00:11:46,71.2906,-156.7887,42.82,81,100,4.61
62,Hobart,AU,2022-07-05 00:14:00,-42.8794,147.3294,50.05,87,14,3.0
63,Coquimbo,CL,2022-07-05 00:13:16,-29.9533,-71.3436,53.33,87,0,3.44
64,Bluff,NZ,2022-07-05 00:14:01,-46.6,168.3333,53.8,69,90,25.75
65,Khatanga,RU,2022-07-05 00:14:01,71.9667,102.5,48.92,56,100,3.29
66,Cape Town,ZA,2022-07-05 00:13:09,-33.9258,18.4232,55.9,72,0,7.0
67,Yar-Sale,RU,2022-07-05 00:14:01,66.8333,70.8333,47.7,91,100,12.82
68,Abha,SA,2022-07-05 00:14:02,18.2164,42.5053,66.45,28,0,5.75
69,Richards Bay,ZA,2022-07-05 00:14:02,-28.783,32.0377,61.45,93,19,5.28
70,Lavrentiya,RU,2022-07-05 00:14:03,65.5833,-171.0,50.02,81,96,6.91
71,Makat,KZ,2022-07-05 00:14:03,47.6469,53.3463,65.19,71,55,9.73
72,Mount Gambier,AU,2022-07-05 00:14:03,-37.8333,140.7667,52.03,80,9,5.55
73,Brokopondo,SR,2022-07-05 00:14:04,4.75,-55.1667,79.72,75,91,6.69
74,East London,ZA,2022-07-05 00:13:45,-33.0153,27.9116,61.74,85,38,9.44
75,Kaitangata,NZ,2022-07-05 00:14:04,-46.2817,169.8464,51.57,62,13,10.11
76,Padang,ID,2022-07-05 00:14:05,-0.9492,100.3543,73.45,88,100,4.99
77,Hilo,US,2022-07-05 00:09:50,19.7297,-155.09,84.27,66,100,9.22
78,Victoria,HK,2022-07-05 00:09:42,22.2855,114.1577,85.17,87,100,11.01
79,Deputatskiy,RU,2022-07-05 00:14:06,69.3,139.9,71.31,45,91,17.22
80,Tiksi,RU,2022-07-05 00:14:06,71.6872,128.8694,37.4,90,100,21.05
81,Kathu,TH,2022-07-05 00:14:07,7.9178,98.3332,84.74,63,100,17.11
82,Saint-Philippe,RE,2022-07-05 00:14:07,-21.3585,55.7679,65.79,81,41,13.27
83,Albany,US,2022-07-05 00:11:08,42.6001,-73.9662,74.79,50,51,4.16
84,State College,US,2022-07-05 00:12:10,40.7934,-77.86,77.65,62,20,5.75
85,Mar Del Plata,AR,2022-07-05 00:13:44,-38.0023,-57.5575,46.09,73,50,4.12
86,Nikolskoye,RU,2022-07-05 00:14:08,59.7035,30.7861,65.88,75,36,3.44
87,Gigmoto,PH,2022-07-05 00:14:08,13.7796,124.39,82.22,79,99,3.58
88,Dongsheng,CN,2022-07-05 00:14:09,39.8161,109.9776,62.08,71,100,5.93
89,Mae Sai,TH,2022-07-05 00:14:09,20.4335,99.8762,74.73,99,100,0.4
90,Pitimbu,BR,2022-07-05 00:14:10,-7.4706,-34.8086,75.79,85,82,16.08
91,Buenos Aires,AR,2022-07-05 00:14:10,-34.6132,-58.3772,53.33,88,100,3.44
92,Mancio Lima,BR,2022-07-05 00:14:10,-7.6142,-72.8958,78.67,69,91,1.05
93,Ribeira Grande,PT,2022-07-05 00:14:11,38.5167,-28.7,65.62,70,100,13.91
94,San Vicente,AR,2022-07-05 00:15:11,-26.6167,-54.1333,62.1,83,61,3.91
95,Jamestown,US,2022-07-05 00:15:11,42.097,-79.2353,78.39,63,0,0.0
96,Smalininkai,LT,2022-07-05 00:15:12,55.0735,22.5793,57.7,97,20,5.12
97,Tautira,PF,2022-07-05 00:15:12,-17.7333,-149.15,77.74,79,51,15.23
98,Tikrit,IQ,2022-07-05 00:15:13,34.6071,43.6782,89.2,23,0,9.28
99,Lyantonde,UG,2022-07-05 00:15:13,-0.4031,31.1572,60.37,57,36,4.03
100,Barcelos,PT,2022-07-05 00:15:14,41.5388,-8.6151,70.92,93,28,3.09
101,Berlevag,NO,2022-07-05 00:15:15,70.8578,29.0864,51.6,93,100,17.27
102,Esperance,AU,2022-07-05 00:15:15,-33.8667,121.9,51.44,51,0,20.4
103,Mehamn,NO,2022-07-05 00:15:16,71.0357,27.8492,48.15,93,40,3.44
104,Roald,NO,2022-07-05 00:15:16,62.5833,6.1333,54.16,87,40,10.36
105,Arman,RU,2022-07-05 00:15:17,59.7,150.1667,73.02,66,99,5.84
106,Pevek,RU,2022-07-05 00:12:24,69.7008,170.3133,42.73,79,26,6.11
107,Gweta,BW,2022-07-05 00:15:17,-20.1833,25.2333,59.83,52,0,10.85
108,Guaymitas,HN,2022-07-05 00:15:18,15.4979,-87.7147,87.21,91,89,5.75
109,Namibe,AO,2022-07-05 00:15:18,-15.1961,12.1522,64.29,69,0,10.07
110,Lasa,IT,2022-07-05 00:15:19,46.6166,10.7002,63.48,88,100,1.28
111,Zaozerne,UA,2022-07-05 00:15:19,45.1582,33.2787,70.56,61,2,6.11
112,Kavieng,PG,2022-07-05 00:12:12,-2.5744,150.7967,83.53,78,100,13.91
113,Nome,US,2022-07-05 00:14:26,64.5011,-165.4064,52.16,76,100,6.91
114,Yellowknife,CA,2022-07-05 00:10:32,62.456,-114.3525,67.35,35,10,8.72
115,Twin Falls,US,2022-07-05 00:15:20,42.3505,-114.6445,82.29,22,32,15.97
116,New Norfolk,AU,2022-07-05 00:15:20,-42.7826,147.0587,48.7,88,12,3.06
117,Mazamari,PE,2022-07-05 00:15:21,-11.3258,-74.5308,73.71,70,30,1.79
118,Tambura,SS,2022-07-05 00:15:21,5.6,27.4667,66.61,91,84,2.51
119,Flores,GT,2022-07-05 00:15:22,16.9226,-89.8994,83.34,63,90,4.85
120,Pitkyaranta,RU,2022-07-05 00:15:22,61.5734,31.4792,56.55,89,13,4.81
121,Nyimba,ZM,2022-07-05 00:15:23,-14.5566,30.8149,60.08,71,1,1.83
122,Dingle,PH,2022-07-05 00:15:23,10.9995,122.6711,81.19,81,99,2.89
123,Gualaquiza,EC,2022-07-05 00:13:15,-3.4,-78.55,61.07,99,100,1.54
124,Arona,ES,2022-07-05 00:15:24,28.0996,-16.681,63.12,76,20,10.36
125,Dakar,SN,2022-07-05 00:10:36,14.6937,-17.4441,79.68,81,57,6.44
126,Prigoria,RO,2022-07-05 00:15:24,45.0667,23.6833,69.44,69,17,3.47
127,Curanilahue,CL,2022-07-05 00:15:24,-37.4667,-73.35,44.35,92,57,5.95
128,Iqaluit,CA,2022-07-05 00:15:25,63.7506,-68.5145,49.73,71,100,5.75
129,Ucluelet,CA,2022-07-05 00:15:25,48.9329,-125.5528,57.09,92,100,2.57
130,Brae,GB,2022-07-05 00:15:26,60.3964,-1.353,50.63,84,99,16.17
131,Lebu,CL,2022-07-05 00:15:26,-37.6167,-73.65,50.16,77,79,17.52
132,Santa Rosa,PH,2022-07-05 00:15:27,14.3122,121.1114,86.09,77,100,2.82
133,Arraial Do Cabo,BR,2022-07-05 00:15:27,-22.9661,-42.0278,71.02,86,0,25.32
134,Fairbanks,US,2022-07-05 00:12:02,64.8378,-147.7164,82.02,44,75,3.44
135,Akyab,MM,2022-07-05 00:15:27,20.15,92.9,80.85,86,99,13.44
136,Kita,ML,2022-07-05 00:15:28,13.0349,-9.4895,78.96,78,60,4.03
137,Viedma,AR,2022-07-05 00:15:28,-40.8135,-62.9967,43.7,47,1,10.11
138,San Jose,US,2022-07-05 00:12:10,37.3394,-121.895,82.89,55,75,17.27
139,Kabinda,CD,2022-07-05 00:16:29,-6.1333,24.4833,66.56,46,58,3.49
140,Krasnoselkup,RU,2022-07-05 00:16:30,65.7,82.4667,51.78,59,7,6.98
141,Chase,CA,2022-07-05 00:16:30,50.8165,-119.6857,68.88,40,94,4.5
142,Kirakira,SB,2022-07-05 00:16:31,-10.4544,161.9205,83.37,76,35,11.27
143,Luanda,AO,2022-07-05 00:16:32,-8.8368,13.2343,69.8,83,75,6.91
144,Aksarka,RU,2022-07-05 00:16:32,66.5606,67.7975,52.79,69,99,13.8
145,Maymyo,MM,2022-07-05 00:16:33,22.0333,96.4667,68.31,96,100,1.79
146,Adeje,ES,2022-07-05 00:16:33,28.1227,-16.726,67.32,77,20,10.36
147,Springbok,ZA,2022-07-05 00:16:33,-29.6643,17.8865,44.46,65,23,4.74
148,Vila Franca Do Campo,PT,2022-07-05 00:13:38,37.7167,-25.4333,63.01,76,92,7.94
149,Nanortalik,GL,2022-07-05 00:16:34,60.1432,-45.2371,45.52,86,91,6.8
150,Tigil,RU,2022-07-05 00:16:34,57.8,158.6667,63.72,52,9,5.95
151,Gazalkent,UZ,2022-07-05 00:16:34,41.5581,69.7708,67.05,28,70,3.09
152,Ambon,ID,2022-07-05 00:16:36,-3.6954,128.1814,80.74,14,40,12.66
153,Acari,PE,2022-07-05 00:16:36,-15.4311,-74.6158,63.68,81,90,2.77
154,Flinders,AU,2022-07-05 00:16:36,-34.5833,150.8552,54.18,93,100,8.01
155,Provideniya,RU,2022-07-05 00:16:37,64.3833,-173.3,46.51,87,100,11.18
156,Wells,GB,2022-07-05 00:16:38,51.2079,-2.649,55.45,87,49,4.12
157,Kargasok,RU,2022-07-05 00:16:38,59.0556,80.8572,55.74,94,100,8.37
158,Klaksvik,FO,2022-07-05 00:16:39,62.2266,-6.589,49.12,80,100,23.78
159,Wolmirstedt,DE,2022-07-05 00:16:39,52.25,11.6333,62.1,63,12,6.06
160,Oranjemund,NA,2022-07-05 00:16:39,-28.55,16.4333,53.42,90,0,3.67
161,Hermanus,ZA,2022-07-05 00:16:40,-34.4187,19.2345,51.3,77,0,7.87
162,Tucuma,BR,2022-07-05 00:12:56,-0.1833,-50.05,75.52,91,32,5.99
163,Kedrovyy,RU,2022-07-05 00:16:40,56.1667,91.8167,57.87,83,6,3.89
164,Vavatenina,MG,2022-07-05 00:16:41,-17.4667,49.2,65.25,98,98,3.0
165,Maun,BW,2022-07-05 00:16:42,-19.9833,23.4167,55.36,58,0,3.44
166,Falam,MM,2022-07-05 00:16:42,22.9167,93.6833,64.58,99,100,1.16
167,Grand Gaube,MU,2022-07-05 00:16:42,-20.0064,57.6608,70.2,75,85,5.99
168,Pingliang,CN,2022-07-05 00:16:43,35.5392,106.6861,70.02,60,100,4.83
169,Rocha,UY,2022-07-05 00:16:43,-34.4833,-54.3333,55.06,99,100,4.88
170,Kisangani,CD,2022-07-05 00:16:44,0.5167,25.2,71.26,87,77,2.28
171,Lompoc,US,2022-07-05 00:13:50,34.6391,-120.4579,78.69,70,40,24.0
172,Narsaq,GL,2022-07-05 00:16:44,60.9167,-46.05,52.02,96,100,3.42
173,Vestmannaeyjar,IS,2022-07-05 00:16:44,63.4427,-20.2734,49.44,78,74,12.57
174,Antoniny,UA,2022-07-05 00:16:45,49.8097,26.8771,63.0,82,58,3.24
175,Severo-Kurilsk,RU,2022-07-05 00:16:45,50.6789,156.125,52.95,87,100,10.11
176,Merauke,ID,2022-07-05 00:16:46,-8.4667,140.3333,77.56,91,100,15.21
177,Shaki,AZ,2022-07-05 00:16:46,41.0833,47.1667,67.95,50,71,4.5
178,Port Shepstone,ZA,2022-07-05 00:16:47,-30.7414,30.455,62.8,82,53,6.58
179,Rio Gallegos,AR,2022-07-05 00:16:47,-51.6226,-69.2181,24.85,93,0,3.44
180,Faanui,PF,2022-07-05 00:16:47,-16.4833,-151.75,79.36,72,38,9.19
181,Tocopilla,CL,2022-07-05 00:16:48,-22.092,-70.1979,63.48,69,97,8.93
182,Noyabrsk,RU,2022-07-05 00:16:48,63.1994,75.4507,48.92,67,97,8.32
183,Lukang,TW,2022-07-05 00:16:49,24.0567,120.4352,86.41,68,100,13.11
184,Rawlins,US,2022-07-05 00:16:49,41.7911,-107.2387,82.29,21,0,19.57
185,Itaituba,BR,2022-07-05 00:16:31,-4.2761,-55.9836,76.21,82,82,1.14
186,Caravelas,BR,2022-07-05 00:17:49,-17.7125,-39.2481,69.55,88,2,4.81
187,Heihe,CN,2022-07-05 00:17:50,50.2441,127.4902,75.78,77,74,6.15
188,Kajaani,FI,2022-07-05 00:15:00,64.2273,27.7285,53.65,87,0,2.3
189,Isangel,VU,2022-07-05 00:17:50,-19.55,169.2667,79.29,72,18,16.31
190,Zhezkazgan,KZ,2022-07-05 00:17:51,47.8043,67.7144,51.78,93,20,11.18
191,Umm Lajj,SA,2022-07-05 00:17:51,25.0213,37.2685,83.97,60,29,1.74
192,Sitka,US,2022-07-05 00:17:52,57.0531,-135.33,67.89,68,0,5.75
193,Agadez,NE,2022-07-05 00:13:27,19.75,10.25,86.88,11,0,4.03
194,Codrington,AU,2022-07-05 00:17:52,-38.2667,141.9667,53.58,74,9,7.09
195,Fengzhen,CN,2022-07-05 00:17:53,40.4394,113.1536,70.39,64,59,8.55
196,Santa Maria,BR,2022-07-05 00:17:53,-29.6842,-53.8069,67.89,82,62,1.63
197,Suruc,TR,2022-07-05 00:17:54,36.9761,38.425,79.16,17,0,7.14
198,Oistins,BB,2022-07-05 00:17:54,13.0667,-59.5333,80.69,78,40,16.11
199,Biak,ID,2022-07-05 00:17:55,-0.9131,122.8766,78.53,80,86,5.35
200,Kavaratti,IN,2022-07-05 00:17:55,10.5669,72.642,81.1,80,88,24.49
201,Sijunjung,ID,2022-07-05 00:17:56,-0.6876,100.9537,72.21,89,96,1.77
202,Port Elizabeth,ZA,2022-07-05 00:17:56,-33.918,25.5701,53.31,99,0,6.91
203,Sorland,NO,2022-07-05 00:17:56,67.667,12.6934,55.26,91,100,1.77
204,Zvishavane,ZW,2022-07-05 00:17:57,-20.3267,30.0665,55.24,72,0,1.52
205,Anaconda,US,2022-07-05 00:17:57,46.1285,-112.9423,61.79,36,99,13.4
206,Mahebourg,MU,2022-07-05 00:17:58,-20.4081,57.7,70.09,78,40,14.97
207,Auki,SB,2022-07-05 00:17:59,-8.7676,160.7034,84.0,68,38,5.3
208,Huejuquilla El Alto,MX,2022-07-05 00:17:59,22.6,-103.8667,79.7,38,75,1.72
209,Saint-Augustin,CA,2022-07-05 00:17:59,51.226,-58.6502,55.2,51,90,14.76
210,Oktyabrskoye,RU,2022-07-05 00:18:00,43.0645,44.7417,55.35,82,0,6.71
211,Clyde River,CA,2022-07-05 00:18:00,70.4692,-68.5914,37.63,87,100,19.57
212,Baft,IR,2022-07-05 00:18:01,29.234,56.6057,72.84,37,97,5.48
213,Jinchang,CN,2022-07-05 00:18:01,38.4953,102.1739,73.22,28,58,7.52
214,Pervomayskoye,RU,2022-07-05 00:18:01,43.919,46.7102,72.19,42,33,12.82
215,Arenillas,ES,2022-07-05 00:18:02,41.3471,-2.8462,59.92,76,1,6.93
216,Marietta,US,2022-07-05 00:18:02,33.9526,-84.5499,89.19,72,75,6.91
217,Trenggalek,ID,2022-07-05 00:18:02,-8.05,111.7167,77.58,91,82,0.13
218,Khasan,RU,2022-07-05 00:18:03,42.4308,130.6434,64.26,95,98,6.08
219,Muros,ES,2022-07-05 00:18:03,42.7762,-9.0603,66.09,78,5,14.5
220,Heide,DE,2022-07-05 00:18:04,54.2,9.1,57.85,81,37,9.95
221,Port Macquarie,AU,2022-07-05 00:16:49,-31.4333,152.9167,58.89,94,75,5.75
222,Amapa,BR,2022-07-05 00:13:21,1.0,-52.0,71.98,94,69,2.66
223,Bakchar,RU,2022-07-05 00:18:05,57.0186,82.0711,57.11,85,93,5.23
224,Phuket,TH,2022-07-05 00:18:05,8.0,98.25,85.12,71,20,9.22
225,Hami,CN,2022-07-05 00:18:06,42.8,93.45,82.17,13,7,10.54
226,Baculin,PH,2022-07-05 00:18:06,7.4525,126.5842,82.94,74,91,2.35
227,Coihaique,CL,2022-07-05 00:18:06,-45.5752,-72.0662,34.41,93,100,0.0
228,Andijon,UZ,2022-07-05 00:18:07,40.7821,72.3442,78.08,24,6,0.65
229,Genhe,CN,2022-07-05 00:18:07,50.7833,121.5167,75.24,73,83,5.06
230,Ust-Tsilma,RU,2022-07-05 00:18:07,65.441,52.1498,61.03,71,19,4.63
231,Fuerte,PH,2022-07-05 00:18:08,17.5381,120.3644,85.1,72,99,3.94
232,Noumea,NC,2022-07-05 00:18:08,-22.2763,166.4572,82.38,99,69,6.49
233,Lieksa,FI,2022-07-05 00:18:09,63.3167,30.0167,63.1,80,87,6.53
234,Alugan,PH,2022-07-05 00:19:09,12.2188,125.4808,81.88,70,99,3.29
235,Kommunisticheskiy,RU,2022-07-05 00:19:10,61.6789,64.4819,47.62,68,100,3.15
236,San Jeronimo,PE,2022-07-05 00:19:10,-11.9472,-75.2829,50.0,64,92,3.78
237,Geraldton,AU,2022-07-05 00:19:11,-28.7667,114.6,52.21,50,100,19.57
238,Lalmohan,BD,2022-07-05 00:19:11,22.3384,90.7419,82.49,85,99,15.46
239,La Libertad,EC,2022-07-05 00:19:12,-2.2333,-80.9,68.9,82,99,11.07
240,Mount Pleasant,US,2022-07-05 00:15:06,32.7941,-79.8626,82.38,91,75,1.99
241,Vetluzhskiy,RU,2022-07-05 00:19:13,58.3902,45.4654,51.06,84,100,2.39
242,Tuktoyaktuk,CA,2022-07-05 00:19:13,69.4541,-133.0374,84.2,37,40,10.36
243,Pisco,PE,2022-07-05 00:19:14,-13.7,-76.2167,63.01,77,20,9.22
244,North Bend,US,2022-07-05 00:19:14,43.4065,-124.2243,68.92,81,75,8.05
245,Los Llanos De Aridane,ES,2022-07-05 00:19:14,28.6585,-17.9182,65.95,88,20,16.11
246,Itoman,JP,2022-07-05 00:15:32,26.1247,127.6694,86.38,84,40,12.66
247,Sao Jose Da Coroa Grande,BR,2022-07-05 00:19:15,-8.8978,-35.1478,75.09,85,47,14.92
248,Touros,BR,2022-07-05 00:19:16,-5.1989,-35.4608,74.79,90,52,11.45
249,Luang Prabang,LA,2022-07-05 00:19:16,19.8856,102.1347,75.83,97,100,0.83
250,Ketchikan,US,2022-07-05 00:19:16,55.3422,-131.6461,68.38,72,53,4.43
251,Carnarvon,AU,2022-07-05 00:19:17,-24.8667,113.6333,61.88,32,0,8.1
252,Paita,PE,2022-07-05 00:19:17,-5.0892,-81.1144,64.69,82,78,18.43
253,Petropavlovsk-Kamchatskiy,RU,2022-07-05 00:19:17,53.0452,158.6483,57.79,100,100,6.71
254,Challans,FR,2022-07-05 00:19:18,46.8436,-1.8749,58.12,82,0,12.75
255,Manitowoc,US,2022-07-05 00:18:23,44.0667,-87.8001,73.29,96,100,5.75
256,Vardo,NO,2022-07-05 00:19:19,70.3705,31.1107,48.18,100,100,2.3
257,Urumqi,CN,2022-07-05 00:19:19,43.801,87.6005,72.55,33,0,4.47
258,Archidona,ES,2022-07-05 00:19:20,37.0965,-4.3887,73.9,32,65,0.63
259,Lima,PE,2022-07-05 00:17:42,-12.0432,-77.0282,60.91,83,100,9.22
260,Pangnirtung,CA,2022-07-05 00:19:21,66.1451,-65.7125,54.03,52,100,1.32
261,Kodiak,US,2022-07-05 00:19:21,57.79,-152.4072,58.51,82,100,5.75
262,Diapaga,BF,2022-07-05 00:19:21,12.0708,1.7889,81.63,63,99,7.85
263,Gat,IL,2022-07-05 00:19:22,31.61,34.7642,76.41,75,0,2.73
264,Neckarsulm,DE,2022-07-05 00:19:22,49.1928,9.2261,62.98,63,46,2.44
265,Krasnogorskoye,RU,2022-07-05 00:19:23,52.2953,86.1979,58.82,70,94,3.24
266,Katete,UG,2022-07-05 00:19:23,-0.7818,29.7544,58.82,57,39,3.78
267,Tsalka,GE,2022-07-05 00:19:24,41.5946,44.0891,49.46,89,56,2.15
268,Paamiut,GL,2022-07-05 00:19:24,61.994,-49.6678,42.55,91,100,11.41
269,Madzhalis,RU,2022-07-05 00:19:25,42.1217,47.8333,63.19,55,0,8.48
270,Gondar,ET,2022-07-05 00:19:25,12.6,37.4667,57.11,87,100,3.49
271,Saint Anthony,US,2022-07-05 00:19:25,45.0205,-93.218,85.62,61,40,6.91
272,Huaicheng,CN,2022-07-05 00:19:26,23.9051,112.1931,79.03,94,99,1.45
273,Wanning,CN,2022-07-05 00:19:26,18.8003,110.3967,82.96,84,100,6.04
274,High Level,CA,2022-07-05 00:15:33,58.5169,-117.136,71.71,40,40,8.05
275,Bengkulu,ID,2022-07-05 00:19:26,-3.8004,102.2655,75.69,89,78,4.27
276,Naze,JP,2022-07-05 00:19:27,28.3667,129.4833,81.52,81,88,10.85
277,Oussouye,SN,2022-07-05 00:19:27,12.485,-16.5469,79.65,82,99,3.91
278,Sharjah,AE,2022-07-05 00:19:02,25.3573,55.4033,94.98,49,0,10.36
279,Manta,EC,2022-07-05 00:19:28,-0.95,-80.7333,73.18,83,40,12.66
280,Norman Wells,CA,2022-07-05 00:19:28,65.282,-126.8329,82.44,28,75,18.41
281,Dondo,MZ,2022-07-05 00:19:29,-19.6094,34.7431,62.11,95,0,1.52
282,Korla,CN,2022-07-05 00:19:29,41.7597,86.1469,83.1,21,0,4.18
283,Cockburn Town,TC,2022-07-05 00:19:30,21.4612,-71.1419,80.56,78,75,17.27
284,Burnie,AU,2022-07-05 00:20:30,-41.0667,145.9167,55.94,60,5,3.58
285,Maine-Soroa,NE,2022-07-05 00:20:30,13.2114,12.0241,83.46,57,36,12.28
286,Havre-Saint-Pierre,CA,2022-07-05 00:20:31,50.2334,-63.5986,52.16,82,75,12.66
287,Pimentel,PE,2022-07-05 00:20:31,-6.8367,-79.9342,63.14,83,73,12.97
288,Naryan-Mar,RU,2022-07-05 00:20:31,67.6713,53.087,55.85,87,93,7.61
289,Westport,US,2022-07-05 00:20:25,41.1415,-73.3579,78.28,59,0,10.36
290,Enid,US,2022-07-05 00:20:32,36.3956,-97.8784,98.02,34,0,19.57
291,Ankang,CN,2022-07-05 00:20:33,32.68,109.0172,80.24,78,0,0.72
292,Fortuna,US,2022-07-05 00:20:33,40.5982,-124.1573,68.94,90,75,1.99
293,Soke,ML,2022-07-05 00:20:33,13.598,-5.9386,87.42,49,65,13.8
294,Itarema,BR,2022-07-05 00:20:34,-2.9248,-39.9167,75.63,84,64,10.65
295,Palmer,US,2022-07-05 00:20:34,42.1584,-72.3287,77.61,51,47,3.47
296,Benghazi,LY,2022-07-05 00:20:35,32.1167,20.0667,79.61,66,0,9.04
297,Ishigaki,JP,2022-07-05 00:20:35,24.3448,124.1572,86.13,89,75,14.97
298,Airai,TL,2022-07-05 00:20:35,-8.9266,125.4092,58.96,91,100,4.43
299,Lekoni,GA,2022-07-05 00:20:36,-1.5843,14.2591,77.34,52,59,4.43
300,Pasighat,IN,2022-07-05 00:20:36,28.0667,95.3333,79.81,92,80,1.41
301,Sri Aman,MY,2022-07-05 00:20:37,1.2376,111.4621,75.25,100,20,3.44
302,Xanlar,AZ,2022-07-05 00:20:37,40.5869,46.3158,60.31,72,20,2.3
303,Thinadhoo,MV,2022-07-05 00:20:38,0.5333,72.9333,81.64,75,99,5.41
304,Chuncheng,CN,2022-07-05 00:20:38,22.1731,111.7886,80.4,92,99,2.39
305,Homer,US,2022-07-05 00:20:38,59.6425,-151.5483,63.77,81,100,12.66
306,Nouadhibou,MR,2022-07-05 00:20:39,20.931,-17.0347,69.64,79,87,20.29
307,Vallenar,CL,2022-07-05 00:20:39,-28.5708,-70.7581,61.02,36,27,1.7
308,Chuy,UY,2022-07-05 00:20:40,-33.6971,-53.4616,56.17,99,98,4.43
309,Mackay,AU,2022-07-05 00:20:41,-21.15,149.2,54.81,95,100,8.46
310,Leh,IN,2022-07-05 00:20:41,34.1667,77.5833,64.47,52,100,1.1
311,Tutoia,BR,2022-07-05 00:20:42,-2.7619,-42.2744,75.38,88,17,6.31
312,Mgandu,TZ,2022-07-05 00:20:42,-5.95,34.1333,53.33,75,1,6.71
313,Taldan,RU,2022-07-05 00:20:43,53.6667,124.8,77.23,64,71,9.28
314,Huarmey,PE,2022-07-05 00:20:43,-10.0681,-78.1522,63.32,83,13,9.01
315,Krasnyy Kholm,RU,2022-07-05 00:20:29,58.0607,37.1203,61.02,91,90,4.25
316,Lilongwe,MW,2022-07-05 00:20:44,-13.9669,33.7873,56.8,71,0,3.29
317,Samarai,PG,2022-07-05 00:20:44,-10.6167,150.6667,82.83,77,76,13.53
318,Kiruna,SE,2022-07-05 00:20:44,67.8557,20.2251,54.52,88,100,3.44
319,Pokhara,NP,2022-07-05 00:20:45,28.2333,83.9833,74.01,91,81,2.68
320,Eureka,US,2022-07-05 00:18:52,40.8021,-124.1637,70.75,91,100,1.99
321,Secunda,ZA,2022-07-05 00:20:45,-26.55,29.1667,46.8,59,0,1.99
322,Beian,NO,2022-07-05 00:20:46,63.6559,9.5683,55.0,94,75,12.66
323,Komsomolskiy,UZ,2022-07-05 00:20:47,40.4272,71.7189,79.52,17,5,20.71
324,Atambua,ID,2022-07-05 00:20:47,-9.1061,124.8925,72.46,79,100,9.37
325,Zhaodong,CN,2022-07-05 00:20:47,46.0833,125.9833,79.25,73,88,11.16
326,Lazaro Cardenas,MX,2022-07-05 00:20:48,17.9583,-102.2,78.69,88,100,9.62
327,Santa Lucia,ES,2022-07-05 00:21:22,27.9117,-15.5407,62.76,73,20,23.02
328,Aberfeldy,GB,2022-07-05 00:21:49,56.62,-3.8645,52.11,90,54,5.97
329,Ewo,CG,2022-07-05 00:21:49,-0.8725,14.8206,76.44,63,38,2.37
330,Domna,RU,2022-07-05 00:21:49,51.8971,113.1573,62.76,82,20,6.71
331,Codajas,BR,2022-07-05 00:21:49,-3.8367,-62.0569,74.19,92,31,1.99
332,Sola,VU,2022-07-05 00:21:50,-13.8833,167.55,80.11,81,30,20.87
333,Kununurra,AU,2022-07-05 00:17:17,-15.7667,128.7333,64.38,34,11,10.36
334,Riorges,FR,2022-07-05 00:21:51,46.0418,4.0497,62.51,85,23,3.65
335,Camacha,PT,2022-07-05 00:21:51,33.0833,-16.3333,65.62,73,40,11.5
336,Kloulklubed,PW,2022-07-05 00:21:52,7.0419,134.2556,77.5,78,100,9.78
337,Solnechnyy,RU,2022-07-05 00:21:52,50.7214,136.6319,78.19,54,20,5.79
338,Koutiala,ML,2022-07-05 00:21:53,12.3917,-5.4642,79.47,72,99,10.78
339,Luwuk,ID,2022-07-05 00:21:53,-0.9516,122.7875,80.83,80,80,4.79
340,Shenjiamen,CN,2022-07-05 00:21:53,29.9576,122.298,80.47,89,92,21.97
341,Hun,LY,2022-07-05 00:21:54,29.1268,15.9477,78.71,60,0,8.97
342,Chekalin,RU,2022-07-05 00:21:54,54.0969,36.245,60.28,90,100,1.59
343,Along,IN,2022-07-05 00:21:54,28.1667,94.7667,77.09,98,77,0.85
344,Cherskiy,RU,2022-07-05 00:21:55,68.75,161.3,68.47,40,87,17.52
345,Slave Lake,CA,2022-07-05 00:21:55,55.2834,-114.769,69.78,49,20,10.36
346,Indian Head,US,2022-07-05 00:21:55,38.6001,-77.1622,83.32,53,0,6.91
347,Boyolangu,ID,2022-07-05 00:21:56,-8.1181,111.8935,77.27,89,83,0.4
348,Hofn,IS,2022-07-05 00:21:56,64.2539,-15.2082,52.41,64,24,6.2
349,Vostok,RU,2022-07-05 00:21:57,46.4856,135.8833,73.4,73,93,1.34
350,Torbay,CA,2022-07-05 00:21:57,47.6666,-52.7314,63.37,74,20,17.27
351,Dinguiraye,GN,2022-07-05 00:21:57,11.3,-10.7167,71.47,93,98,2.44
352,Tromso,NO,2022-07-05 00:21:58,69.6496,18.957,57.22,77,40,2.3
353,Tenabo,MX,2022-07-05 00:21:58,20.05,-90.2333,84.2,57,98,4.79
354,Merritt Island,US,2022-07-05 00:19:21,28.5392,-80.672,86.04,76,0,9.22
355,Krasyliv,UA,2022-07-05 00:21:59,49.6519,26.9725,63.1,80,61,3.56
356,Odienne,CI,2022-07-05 00:21:59,9.51,-7.5692,70.39,96,14,3.96
357,Kroya,ID,2022-07-05 00:22:00,-7.6331,109.2461,77.74,86,96,3.65
358,Rawson,AR,2022-07-05 00:20:53,-43.3002,-65.1023,46.76,42,37,16.13
359,Pontes E Lacerda,BR,2022-07-05 00:22:00,-15.2261,-59.3353,77.32,49,80,3.4
360,Henties Bay,NA,2022-07-05 00:22:00,-22.116,14.2845,54.66,87,0,5.93
361,Itupiranga,BR,2022-07-05 00:22:01,-5.1347,-49.3267,75.52,66,49,1.57
362,Nueva Guinea,NI,2022-07-05 00:22:01,11.6876,-84.4562,74.73,97,100,5.1
363,Irece,BR,2022-07-05 00:21:17,-11.3042,-41.8558,67.32,71,31,13.27
364,Poum,NC,2022-07-05 00:22:02,-20.2333,164.0167,77.45,84,74,24.76
365,Lyuban,BY,2022-07-05 00:22:02,52.7985,28.0048,63.95,90,69,6.96
366,Acapulco,MX,2022-07-05 00:20:15,16.8634,-99.8901,84.02,74,100,16.11
367,Husavik,IS,2022-07-05 00:22:02,66.0449,-17.3389,42.4,92,100,11.23
368,Banda Aceh,ID,2022-07-05 00:22:03,5.5577,95.3222,80.56,74,100,12.3
369,Jiwani,PK,2022-07-05 00:22:03,25.05,61.7417,82.94,80,100,9.75
370,Imbituba,BR,2022-07-05 00:23:04,-28.24,-48.6703,69.85,98,3,3.0
371,Channel-Port Aux Basques,CA,2022-07-05 00:23:05,47.5702,-59.1367,56.73,77,0,14.09
372,Srikakulam,IN,2022-07-05 00:23:05,18.3,83.9,80.08,71,97,6.2
373,Balikpapan,ID,2022-07-05 00:23:05,-1.2675,116.8289,79.79,89,20,3.44
374,Hasaki,JP,2022-07-05 00:23:06,35.7333,140.8333,84.6,74,100,9.73
375,Katobu,ID,2022-07-05 00:23:06,-4.9408,122.5276,79.41,82,61,2.8
376,Iskateley,RU,2022-07-05 00:23:07,67.6803,53.1512,55.58,87,93,7.67
377,Ridgecrest,US,2022-07-05 00:22:53,35.6225,-117.6709,96.66,15,0,14.0
378,Swan River,CA,2022-07-05 00:23:07,52.1058,-101.2676,66.09,59,100,11.5
379,Ilulissat,GL,2022-07-05 00:23:08,69.2167,-51.1,53.62,50,0,5.75
380,Sambava,MG,2022-07-05 00:23:08,-14.2667,50.1667,70.77,87,73,14.05
381,Laizhou,CN,2022-07-05 00:23:08,37.1717,119.9214,80.65,75,90,7.76
382,Muzhi,RU,2022-07-05 00:21:28,65.3667,64.6667,55.13,65,96,11.01
383,Trairi,BR,2022-07-05 00:19:29,-3.2778,-39.2689,73.71,92,47,7.29
384,Tokat,TR,2022-07-05 00:23:09,40.4167,36.5833,43.57,97,14,4.52
385,Upernavik,GL,2022-07-05 00:23:09,72.7868,-56.1549,38.66,82,3,12.57
386,Port Hedland,AU,2022-07-05 00:23:10,-20.3167,118.5667,60.85,27,3,13.8
387,Chernyshevskiy,RU,2022-07-05 00:23:10,63.0128,112.4714,66.22,53,100,4.41
388,Sakaiminato,JP,2022-07-05 00:23:10,35.55,133.2333,85.98,66,75,5.75
389,Rabo De Peixe,PT,2022-07-05 00:23:11,37.8,-25.5833,62.11,72,40,4.61
390,Sao Filipe,CV,2022-07-05 00:23:11,14.8961,-24.4956,74.28,80,12,9.04
391,Ancud,CL,2022-07-05 00:23:12,-41.8697,-73.8203,48.22,94,100,25.9
392,Solton,RU,2022-07-05 00:21:23,52.8429,86.4787,57.79,72,60,2.08
393,Laguna,US,2022-07-05 00:18:52,38.421,-121.4238,88.75,43,40,12.66
394,Dawson Creek,CA,2022-07-05 00:23:12,55.7666,-120.2362,60.44,77,75,19.57
395,Port Lincoln,AU,2022-07-05 00:23:12,-34.7333,135.8667,54.79,72,37,14.41
396,Tazovskiy,RU,2022-07-05 00:23:13,67.4667,78.7,45.63,68,24,6.2
397,Puerto Palomas,MX,2022-07-05 00:23:13,31.7667,-107.6167,93.29,24,59,12.8
398,Obuasi,GH,2022-07-05 00:23:14,6.206,-1.6619,70.14,99,93,3.33
399,Odweyne,SO,2022-07-05 00:23:14,9.4092,45.064,69.75,58,74,18.63
400,San Cristobal,VE,2022-07-05 00:23:14,7.7669,-72.225,71.78,96,100,2.53
401,Jalu,LY,2022-07-05 00:23:15,29.0331,21.5482,82.08,31,0,15.61
402,Hamilton,US,2022-07-05 00:23:15,39.1834,-84.5333,88.88,51,0,4.61
403,Shingu,JP,2022-07-05 00:23:16,33.7333,135.9833,75.85,99,100,5.48
404,Beyneu,KZ,2022-07-05 00:23:16,45.3167,55.2,69.04,52,37,14.41
405,Mount Isa,AU,2022-07-05 00:23:17,-20.7333,139.5,55.17,58,0,12.66
406,Casas Grandes,MX,2022-07-05 00:23:17,30.3667,-107.95,82.44,52,75,5.82
407,Ostrovnoy,RU,2022-07-05 00:23:17,68.0531,39.5131,50.99,97,92,3.44
408,Half Moon Bay,US,2022-07-05 00:23:18,37.4636,-122.4286,81.41,69,75,17.27
409,Iberia,US,2022-07-05 00:23:18,29.9502,-91.7507,91.47,62,0,10.36
410,Boguchany,RU,2022-07-05 00:23:18,58.3814,97.4531,63.48,68,14,1.28
411,Kutum,SD,2022-07-05 00:23:19,14.2,24.6667,78.51,54,86,12.71
412,Pacific Grove,US,2022-07-05 00:23:19,36.6177,-121.9166,72.55,77,75,10.36
413,Freeport,US,2022-07-05 00:22:11,40.6576,-73.5832,82.98,56,0,12.66
414,Yaan,NG,2022-07-05 00:24:20,7.3833,8.5667,70.39,95,77,6.31
415,Nizwa,OM,2022-07-05 00:24:20,22.9333,57.5333,90.36,51,100,2.24
416,Egvekinot,RU,2022-07-05 00:24:21,66.3167,-179.1667,45.77,78,96,5.12
417,Bodaybo,RU,2022-07-05 00:24:21,57.8506,114.1933,61.81,98,100,2.15
418,Ozinki,RU,2022-07-05 00:24:21,51.1786,49.6769,53.85,95,18,13.62
419,Colon,PA,2022-07-05 00:24:22,9.3592,-79.9014,80.37,82,100,4.18
420,Camocim,BR,2022-07-05 00:24:22,-2.9022,-40.8411,76.64,79,44,7.61
421,Caranavi,BO,2022-07-05 00:24:22,-15.8167,-67.55,63.75,77,91,2.35
422,Sao Miguel Do Araguaia,BR,2022-07-05 00:24:23,-13.275,-50.1628,70.18,36,0,3.94
423,San Francisco,US,2022-07-05 00:19:24,37.7749,-122.4194,82.31,74,75,20.0
424,Roebourne,AU,2022-07-05 00:24:23,-20.7833,117.1333,58.98,30,0,17.45
425,Byron Bay,AU,2022-07-05 00:24:24,-28.65,153.6167,51.94,93,100,7.16
426,Sakakah,SA,2022-07-05 00:24:24,29.9697,40.2064,81.97,22,4,12.08
427,Vaitape,PF,2022-07-05 00:24:24,-16.5167,-151.75,79.02,73,22,7.96
428,Praia Da Vitoria,PT,2022-07-05 00:24:25,38.7333,-27.0667,66.45,68,100,10.27
429,Guatape,CO,2022-07-05 00:24:25,6.2327,-75.1586,65.25,94,79,1.68
430,Lipari,IT,2022-07-05 00:24:26,38.4674,14.954,81.21,69,0,6.96
431,Mogadishu,SO,2022-07-05 00:24:26,2.0371,45.3438,76.21,81,79,18.16
432,San Blas,MX,2022-07-05 00:24:26,21.5167,-105.2667,78.69,71,69,7.09
433,Guarapari,BR,2022-07-05 00:24:27,-20.6667,-40.4975,70.9,92,1,7.58
434,Havoysund,NO,2022-07-05 00:24:27,70.9963,24.6622,46.63,87,84,11.95
435,West Plains,US,2022-07-05 00:24:28,36.7281,-91.8524,89.22,71,71,1.99
436,Jeremie,HT,2022-07-05 00:24:28,18.65,-74.1167,81.19,74,94,0.78
437,Nelson Bay,AU,2022-07-05 00:24:29,-32.7167,152.15,63.0,99,100,21.0
438,Rehoboth,NA,2022-07-05 00:24:29,-23.3167,17.0833,55.04,40,0,6.89
439,Meridian,US,2022-07-05 00:21:40,43.6121,-116.3915,84.33,30,0,8.05
440,Monze,ZM,2022-07-05 00:24:30,-16.2833,27.4833,55.29,67,0,4.43
441,Saint Louis Park,US,2022-07-05 00:24:34,44.9483,-93.348,85.71,67,75,6.91
442,Devrek,TR,2022-07-05 00:24:34,41.2192,31.9558,59.97,86,0,4.12
443,Jieshi,CN,2022-07-05 00:24:35,22.8134,115.8257,80.38,88,100,13.33
444,Nemuro,JP,2022-07-05 00:24:35,43.3236,145.575,53.74,98,100,9.42
445,Alyangula,AU,2022-07-05 00:20:40,-13.8483,136.4192,68.67,56,40,19.39
446,Port Hardy,CA,2022-07-05 00:24:36,50.6996,-127.4199,55.58,100,100,3.44
447,Bastia,FR,2022-07-05 00:20:03,42.6667,9.3333,77.31,46,0,6.91
448,Orange,US,2022-07-05 00:24:36,33.7,-117.7675,86.38,53,0,11.5
449,Prince George,CA,2022-07-05 00:23:47,53.9166,-122.753,71.29,55,75,5.75
450,Labuan,MY,2022-07-05 00:24:36,5.2767,115.2417,82.76,83,20,3.44
451,Marystown,CA,2022-07-05 00:24:37,47.1666,-55.1483,56.86,100,16,8.99
452,Igrim,RU,2022-07-05 00:24:37,63.1906,64.4162,50.99,62,100,3.31
453,Yanam,IN,2022-07-05 00:24:37,16.7333,82.2167,75.49,96,99,3.42
454,Zakamensk,RU,2022-07-05 00:24:38,50.3741,103.2863,51.15,93,100,2.57
455,Constitucion,CL,2022-07-05 00:20:32,-35.3333,-72.4167,49.06,85,0,2.33
456,Lewistown,US,2022-07-05 00:24:38,40.5992,-77.5714,79.54,79,0,0.0
457,Te Anau,NZ,2022-07-05 00:25:38,-45.4167,167.7167,47.97,80,80,8.68
458,Saldanha,ZA,2022-07-05 00:25:39,-33.0117,17.9442,46.45,84,0,12.37
459,Sikasso,ML,2022-07-05 00:25:39,10.9167,-7.0,75.33,82,98,4.74
460,Xiuyan,CN,2022-07-05 00:25:39,40.2928,123.2744,76.53,84,3,3.8
461,Kruisfontein,ZA,2022-07-05 00:25:40,-34.0033,24.7314,50.16,79,0,3.94
462,Talnakh,RU,2022-07-05 00:25:40,69.4865,88.3972,52.21,55,4,11.63
463,Balkanabat,TM,2022-07-05 00:25:40,39.5108,54.3671,70.29,47,0,8.5
464,Katsuura,JP,2022-07-05 00:25:41,35.1333,140.3,77.07,82,100,19.69
465,Zaranj,AF,2022-07-05 00:25:41,30.9667,61.8833,79.74,25,16,26.49
466,Haines Junction,CA,2022-07-05 00:25:42,60.7522,-137.5108,78.75,41,37,3.44
467,Myitkyina,MM,2022-07-05 00:25:42,25.3833,97.4,77.18,97,89,0.29
468,Nagato,JP,2022-07-05 00:25:42,34.3833,131.2,78.21,89,92,8.86
469,Ulladulla,AU,2022-07-05 00:25:43,-35.35,150.4667,49.1,82,100,17.05
470,Sao Felix Do Xingu,BR,2022-07-05 00:25:43,-6.6447,-51.995,74.03,59,20,1.95
471,Jingdezhen,CN,2022-07-05 00:25:43,29.2947,117.2079,79.84,94,100,2.95
472,Chapais,CA,2022-07-05 00:25:44,49.7834,-74.8492,64.18,61,67,6.64
473,Hammerfest,NO,2022-07-05 00:25:44,70.6634,23.6821,61.25,72,75,2.3
474,Nuuk,GL,2022-07-05 00:25:44,64.1835,-51.7216,47.01,93,100,19.57
475,Coahuayana,MX,2022-07-05 00:25:45,18.7333,-103.6833,81.81,86,94,4.79
476,Bemidji,US,2022-07-05 00:25:45,47.4736,-94.8803,75.56,80,40,8.05
477,Apastovo,RU,2022-07-05 00:21:19,55.2029,48.5109,49.32,92,43,6.24
478,Samfya,ZM,2022-07-05 00:25:45,-11.3649,29.5565,59.27,66,0,10.45
479,Karjat,IN,2022-07-05 00:25:46,18.9167,73.3333,76.86,98,100,3.8
480,Qasigiannguit,GL,2022-07-05 00:25:46,68.8193,-51.1922,53.85,80,39,3.53
481,Puerto Madryn,AR,2022-07-05 00:25:47,-42.7692,-65.0385,49.33,44,32,18.23
482,Santo Domingo,DO,2022-07-05 00:25:47,18.5001,-69.9886,81.03,85,84,4.0
483,Beya,RU,2022-07-05 00:25:47,53.0533,90.9139,59.81,59,3,1.88
484,Cannington,AU,2022-07-05 00:25:48,-32.0167,115.95,58.32,56,75,13.8
485,Leningradskiy,RU,2022-07-05 00:25:48,69.3833,178.4167,49.69,68,87,6.6
486,Zaraza,VE,2022-07-05 00:25:48,9.3503,-65.3245,78.3,75,52,6.85
487,Yulara,AU,2022-07-05 00:25:49,-25.2406,130.9889,44.64,52,0,10.13
488,Souillac,MU,2022-07-05 00:25:49,-20.5167,57.5167,70.18,78,40,14.97
489,Kailua,US,2022-07-05 00:25:38,21.4022,-157.7394,82.38,70,75,13.8
490,Kambove,CD,2022-07-05 00:25:49,-10.8764,26.5969,54.45,60,0,4.94
491,Neyshabur,IR,2022-07-05 00:25:50,36.2133,58.7958,66.36,38,0,2.53
492,Fuyu,CN,2022-07-05 00:25:50,45.1833,124.8167,78.39,75,72,11.88
493,Teguldet,RU,2022-07-05 00:21:22,57.3064,88.1667,57.4,82,7,5.46
494,Bathsheba,BB,2022-07-05 00:25:51,13.2167,-59.5167,81.21,88,40,16.11
495,Neiafu,TO,2022-07-05 00:25:51,-18.65,-173.9833,77.68,78,75,13.8
496,La Oroya,PE,2022-07-05 00:25:51,-11.5189,-75.8994,41.67,67,25,4.63
497,Swellendam,ZA,2022-07-05 00:25:52,-34.0226,20.4417,46.17,87,0,1.99
498,Flin Flon,CA,2022-07-05 00:25:52,54.7682,-101.865,63.5,48,78,3.62
499,Baruun-Urt,MN,2022-07-05 00:25:52,46.6806,113.2792,70.39,69,88,6.06
500,Kupang,ID,2022-07-05 00:25:53,-10.1667,123.5833,76.6,69,93,16.73
501,Verkh-Usugli,RU,2022-07-05 00:25:53,52.7,115.1667,64.0,93,99,3.78
502,Vredendal,ZA,2022-07-05 00:25:54,-31.6683,18.5012,50.2,78,0,3.98
503,Sawakin,SD,2022-07-05 00:26:54,19.1059,37.3321,89.42,54,71,3.0
504,Altamira,BR,2022-07-05 00:26:54,-3.2033,-52.2064,76.6,76,97,1.92
505,Palestine,PS,2022-07-05 00:26:55,31.9216,35.2033,67.95,59,0,4.45
506,Vidim,RU,2022-07-05 00:26:55,56.4088,103.1106,60.17,89,100,3.11
507,Hualmay,PE,2022-07-05 00:26:55,-11.0964,-77.6139,62.37,83,55,9.48
508,Kiama,AU,2022-07-05 00:26:56,-34.6833,150.8667,60.01,93,100,22.55
509,Romny,UA,2022-07-05 00:26:56,50.751,33.4747,67.19,75,93,3.65
510,Anadyr,RU,2022-07-05 00:26:56,64.75,177.4833,48.7,87,100,6.71
511,Portland,US,2022-07-05 00:24:12,45.5234,-122.6762,80.62,43,20,8.05
512,Honningsvag,NO,2022-07-05 00:26:57,70.9821,25.9704,46.15,100,100,4.61
513,Holoby,UA,2022-07-05 00:26:57,51.0865,25.0077,64.06,83,54,4.0
514,Puyang,CN,2022-07-05 00:26:58,29.4603,119.8861,84.58,84,97,2.44
515,Soe,ID,2022-07-05 00:26:58,-9.8607,124.284,64.63,88,100,5.14
516,Zambezi,ZM,2022-07-05 00:26:58,-13.5432,23.1047,54.03,68,15,2.35
517,Havelock,US,2022-07-05 00:23:27,34.8791,-76.9013,82.94,84,20,4.61
518,Fountain Hills,US,2022-07-05 00:26:59,33.6117,-111.7174,104.56,21,0,6.91
519,Bilma,NE,2022-07-05 00:26:59,18.6853,12.9164,90.59,19,0,7.92
520,Rincon,US,2022-07-05 00:26:59,32.296,-81.2354,84.83,84,75,4.61
521,Umm Kaddadah,SD,2022-07-05 00:27:00,13.6017,26.6876,80.67,55,53,15.73
522,Pedro Ii,BR,2022-07-05 00:27:00,-4.4247,-41.4586,71.91,64,86,4.72
523,Bingol,TR,2022-07-05 00:27:00,38.8847,40.4939,61.36,46,0,8.72
524,Arsk,RU,2022-07-05 00:27:01,56.0915,49.8778,47.57,80,68,7.63
525,Galesburg,US,2022-07-05 00:27:01,40.9478,-90.3712,88.02,72,40,8.05
526,Vao,NC,2022-07-05 00:27:02,-22.6667,167.4833,74.61,73,96,18.34
527,Cartagena,CO,2022-07-05 00:27:02,10.3997,-75.5144,83.82,89,75,4.61
528,Sarangani,PH,2022-07-05 00:27:02,5.4033,125.4636,82.58,74,100,8.93
529,Pontianak,ID,2022-07-05 00:27:03,-0.0333,109.3333,78.78,88,40,3.44
530,Namatanai,PG,2022-07-05 00:27:03,-3.6667,152.4333,84.38,70,100,9.33
531,Bullhead City,US,2022-07-05 00:24:19,35.1478,-114.5683,105.22,8,0,23.02
532,Manitouwadge,CA,2022-07-05 00:27:04,49.1215,-85.8403,64.74,78,100,4.97
533,Broken Hill,AU,2022-07-05 00:27:04,-31.95,141.4333,43.92,76,4,15.41
534,Svetlyy,RU,2022-07-05 00:27:05,54.675,20.1347,57.96,89,4,7.7
535,Linxia,CN,2022-07-05 00:27:05,35.6003,103.2064,59.52,71,0,2.64
536,San Luis,AR,2022-07-05 00:27:05,-33.295,-66.3356,48.0,35,0,12.71
537,Hervey Bay,AU,2022-07-05 00:22:48,-25.2986,152.8535,55.02,95,100,3.0
538,Luganville,VU,2022-07-05 00:27:06,-15.5333,167.1667,80.4,85,46,13.96
539,Verkhnyaya Inta,RU,2022-07-05 00:27:06,65.9811,60.3094,57.51,61,76,15.52
540,Mercedes,AR,2022-07-05 00:27:07,-34.6515,-59.4307,48.85,95,36,7.2
541,San Roque,ES,2022-07-05 00:27:07,36.2107,-5.3842,70.63,68,40,11.5
542,Lagoa,PT,2022-07-05 00:27:07,39.05,-27.9833,63.93,69,100,13.02
543,Key West,US,2022-07-05 00:26:33,24.5557,-81.7826,89.6,69,20,11.5
544,Riyadh,SA,2022-07-05 00:23:22,24.6877,46.7219,87.94,16,40,8.32
545,Baghmara,IN,2022-07-05 00:27:08,23.795,86.2085,81.48,80,28,4.88
546,Port-Gentil,GA,2022-07-05 00:27:08,-0.7193,8.7815,73.87,79,8,17.94
547,Curup,ID,2022-07-05 00:27:09,-3.4667,102.5333,68.61,97,75,1.83
548,Las Vegas,US,2022-07-05 00:25:23,36.175,-115.1372,102.09,8,0,16.11
549,Cozumel,MX,2022-07-05 00:25:20,20.5083,-86.9458,86.07,78,75,8.99
550,Rafaela,AR,2022-07-05 00:28:09,-31.2503,-61.4867,56.98,44,2,1.01
551,Puerto Suarez,BO,2022-07-05 00:28:10,-18.95,-57.8,76.3,45,49,3.98
552,Friedrichsdorf,DE,2022-07-05 00:28:10,50.2496,8.6428,65.71,63,25,4.88
553,Darhan,MN,2022-07-05 00:28:10,49.4867,105.9228,61.38,69,96,6.71
554,Bingerville,CI,2022-07-05 00:28:11,5.3584,-3.8869,79.74,78,75,9.22
555,Havre,FR,2022-07-05 00:28:11,49.5833,0.3333,58.77,88,75,10.36
556,Bogorodskoye,RU,2022-07-05 00:28:12,56.55,37.8833,60.71,84,43,5.66
557,Atar,MR,2022-07-05 00:28:12,20.5169,-13.0499,94.8,21,28,3.91
558,Istok,XK,2022-07-05 00:28:13,42.7808,20.4875,69.76,64,1,4.76
559,Fare,PF,2022-07-05 00:28:13,-16.7,-151.0167,79.07,74,22,11.23
560,Lorengau,PG,2022-07-05 00:28:13,-2.0226,147.2712,84.51,70,100,4.54
561,Longyearbyen,SJ,2022-07-05 00:28:14,78.2186,15.6401,44.44,81,75,11.5
562,San Patricio,US,2022-07-05 00:28:14,28.017,-97.5169,91.49,57,2,17.34
563,Soure,BR,2022-07-05 00:28:14,-0.7167,-48.5233,78.19,81,14,10.36
564,Hobyo,SO,2022-07-05 00:24:27,5.3505,48.5268,75.88,83,35,26.19
565,Charleville,AU,2022-07-05 00:25:12,-26.4,146.25,50.07,93,100,5.75
566,Kurilsk,RU,2022-07-05 00:28:15,45.2333,147.8833,57.49,84,86,1.79
567,Cairns,AU,2022-07-05 00:28:15,-16.9167,145.7667,66.15,94,100,3.44
